Id;SKU;Dia;Mes;Ano;Tipo;Marca;Faturamento;Lucro
1;SKU 353;01/01/2021;1;2021;Camisa;Reserva;208,96;94,08
2;SKU 563;02/01/2021;1;2021;Camisa;Reserva;231,04;171,7
3;SKU 384;01/01/2021;1;2021;Casaco;CalopStore;62,22;12,88
4;SKU 661;04/01/2021;1;2021;Camiseta;MarcoGPT;45,2;10,08
5;SKU 353;01/01/2021;1;2021;Sandália;CalopStore;140,65;93,07
6;SKU 455;06/01/2021;1;2021;Boné;CalopStore;57,39;12,88
7;SKU 492;07/01/2021;1;2021;Camiseta;CalopStore;19,21;5,94
8;SKU 732;08/01/2021;1;2021;Meia;MarcoGPT;30,82;8,85
9;SKU 817;09/01/2021;1;2021;Boné;MarcoGPT;110,75;22,06
10;SKU 679;10/01/2021;1;2021;Casaco;Reserva;263,35;121,97
11;SKU 343;11/01/2021;1;2021;Meia;CalopStore;16,1;4,7
12;SKU 744;12/01/2021;1;2021;Bota;MarcoGPT;71,99;30,02
13;SKU 699;13/01/2021;1;2021;Camisa;Reserva;191,36;110,77
14;SKU 362;14/01/2021;1;2021;Chinelo;MarcoGPT;37,26;8,96
15;SKU 634;14/01/2021;1;2021;Boné;MarcoGPT;47,04;15,23
16;SKU 195;14/01/2021;1;2021;Casaco;Reserva;148,47;87,25
17;SKU 725;14/01/2021;1;2021;Casaco;MarcoGPT;191,02;38,08
18;SKU 853;14/01/2021;1;2021;Camisa;CalopStore;25,42;7,62
19;SKU 115;14/01/2021;1;2021;Bota;MarcoGPT;54,74;15,79
20;SKU 513;14/01/2021;1;2021;Meia;Reserva;60,72;28,11
21;SKU 931;14/01/2021;1;2021;Boné;MarcoGPT;73,49;14,78
22;SKU 448;14/01/2021;1;2021;Meia;MarcoGPT;28,41;7,39
23;SKU 263;14/01/2021;1;2021;Meia;Reserva;68,43;39,09
24;SKU 228;14/01/2021;1;2021;Camisa;CalopStore;62,91;11,76
25;SKU 377;14/01/2021;1;2021;Chinelo;MarcoGPT;8,05;2,69
26;SKU 316;14/01/2021;1;2021;Camiseta;Reserva;221,84;87,81
27;SKU 999;27/01/2021;1;2021;Camisa;CalopStore;80,96;20,94
28;SKU 891;28/01/2021;1;2021;Sapato;Reserva;148,58;50,96
29;SKU 532;29/01/2021;1;2021;Camiseta;MarcoGPT;90,51;23,86
30;SKU 494;30/01/2021;1;2021;Sapato;Reserva;154,79;79,63
31;SKU 898;31/01/2021;1;2021;Camisa;CalopStore;77,74;22,4
32;SKU 139;01/02/2021;2;2021;Boné;CalopStore;21,51;3,81
33;SKU 135;02/02/2021;2;2021;Chinelo;MarcoGPT;50,37;17,25
34;SKU 645;02/02/2021;2;2021;Camiseta;Reserva;147,55;84,34
35;SKU 831;02/02/2021;2;2021;Chinelo;MarcoGPT;8,97;1,12
36;SKU 217;02/02/2021;2;2021;Casaco;CalopStore;37,72;11,31
37;SKU 573;02/02/2021;2;2021;Bota;MarcoGPT;94,53;16,8
38;SKU 424;02/02/2021;2;2021;Camisa;CalopStore;205,97;105,95
39;SKU 385;02/02/2021;2;2021;Bota;CalopStore;26,34;6,94
40;SKU 984;02/02/2021;2;2021;Camisa;CalopStore;149,27;59,7
41;SKU 552;02/02/2021;2;2021;Boné;Reserva;201,83;124,54
42;SKU 696;02/02/2021;2;2021;Sapato;MarcoGPT;60,15;22,62
43;SKU 427;02/02/2021;2;2021;Sapato;MarcoGPT;64,63;18,59
44;SKU 823;02/02/2021;2;2021;Camisa;CalopStore;150,54;28,9
45;SKU 643;02/02/2021;2;2021;Boné;Reserva;110,63;89,49
46;SKU 334;02/02/2021;2;2021;Sapato;MarcoGPT;20,93;3,58
47;SKU 288;02/02/2021;2;2021;Camiseta;MarcoGPT;78,89;18,14
48;SKU 369;17/02/2021;2;2021;Camisa;CalopStore;31,17;7,62
49;SKU 999;18/02/2021;2;2021;Bota;CalopStore;93,04;54,66
50;SKU 628;19/02/2021;2;2021;Bota;CalopStore;179,63;75,6
51;SKU 483;20/02/2021;2;2021;Camisa;CalopStore;105,8;27,1
52;SKU 779;21/02/2021;2;2021;Camisa;Reserva;184,23;130,37
53;SKU 439;22/02/2021;2;2021;Boné;MarcoGPT;54,63;19,26
54;SKU 186;23/02/2021;2;2021;Meia;MarcoGPT;31,28;6,94
55;SKU 897;24/02/2021;2;2021;Camisa;MarcoGPT;106,61;22,29
56;SKU 524;25/02/2021;2;2021;Camisa;CalopStore;90,85;22,85
57;SKU 117;26/02/2021;2;2021;Bota;CalopStore;126,16;57,68
58;SKU 228;27/02/2021;2;2021;Meia;Reserva;78,09;47,49
59;SKU 935;28/02/2021;2;2021;Sapato;MarcoGPT;13,46;2,69
60;SKU 885;01/03/2021;3;2021;Casaco;Reserva;301,42;142,13
61;SKU 658;02/03/2021;3;2021;Meia;MarcoGPT;38,18;7,95
62;SKU 836;03/03/2021;3;2021;Sapato;Reserva;77,86;62,94
63;SKU 935;04/03/2021;3;2021;Camisa;CalopStore;84,18;41,55
64;SKU 627;05/03/2021;3;2021;Sapato;Reserva;109,02;47,49
65;SKU 411;06/03/2021;3;2021;Casaco;CalopStore;24,04;6,94
66;SKU 545;07/03/2021;3;2021;Camiseta;Reserva;206,54;127,57
67;SKU 426;08/03/2021;3;2021;Bota;CalopStore;10,47;2,69
68;SKU 421;09/03/2021;3;2021;Boné;CalopStore;33,81;6,94
69;SKU 982;10/03/2021;3;2021;Casaco;CalopStore;40,37;9,07
70;SKU 447;11/03/2021;3;2021;Casaco;MarcoGPT;66,36;19,15
71;SKU 748;12/03/2021;3;2021;Sandália;CalopStore;29,9;8,74
72;SKU 794;13/03/2021;3;2021;Bota;CalopStore;121,79;76,61
73;SKU 879;14/03/2021;3;2021;Casaco;Reserva;256,68;161,39
74;SKU 815;15/03/2021;3;2021;Boné;MarcoGPT;75,44;13,78
75;SKU 469;16/03/2021;3;2021;Camisa;CalopStore;41,17;8,29
76;SKU 324;17/03/2021;3;2021;Casaco;CalopStore;34,5;9,97
77;SKU 664;18/03/2021;3;2021;Sapato;MarcoGPT;52,9;15,23
78;SKU 977;19/03/2021;3;2021;Sapato;Reserva;126,73;52,19
79;SKU 696;20/03/2021;3;2021;Camiseta;Reserva;278,53;119,39
80;SKU 135;21/03/2021;3;2021;Bota;CalopStore;168,25;57,68
81;SKU 267;22/03/2021;3;2021;Chinelo;MarcoGPT;53,13;22,4
82;SKU 194;23/03/2021;3;2021;Bota;CalopStore;20,36;6,27
83;SKU 128;24/03/2021;3;2021;Boné;MarcoGPT;33,58;17,92
84;SKU 636;25/03/2021;3;2021;Camisa;CalopStore;129,38;26,1
85;SKU 316;26/03/2021;3;2021;Casaco;Reserva;327,64;154,45
86;SKU 968;27/03/2021;3;2021;Casaco;Reserva;278,99;88,37
87;SKU 564;28/03/2021;3;2021;Casaco;Reserva;291,53;103,82
88;SKU 367;29/03/2021;3;2021;Bota;CalopStore;12,54;2,8
89;SKU 299;30/03/2021;3;2021;Boné;Reserva;98,21;56,9
90;SKU 557;31/03/2021;3;2021;Camiseta;Reserva;266,23;125,55
91;SKU 161;01/04/2021;4;2021;Boné;CalopStore;17,83;5,38
92;SKU 151;02/04/2021;4;2021;Chinelo;MarcoGPT;25,3;5,6
93;SKU 951;03/04/2021;4;2021;Camisa;Reserva;268,53;103,6
94;SKU 932;04/04/2021;4;2021;Bota;MarcoGPT;104,19;53,65
95;SKU 172;05/04/2021;4;2021;Casaco;CalopStore;53,82;12,1
96;SKU 561;06/04/2021;4;2021;Casaco;Reserva;421,59;200,26
97;SKU 262;07/04/2021;4;2021;Camiseta;MarcoGPT;127,54;27,55
98;SKU 236;08/04/2021;4;2021;Chinelo;MarcoGPT;14,38;5,49
99;SKU 729;09/04/2021;4;2021;Meia;MarcoGPT;45,2;6,94
100;SKU 212;07/04/2021;4;2021;Meia;Reserva;109,48;66,53
101;SKU 567;11/04/2021;4;2021;Sandália;CalopStore;238,74;177,52
102;SKU 625;12/04/2021;4;2021;Chinelo;MarcoGPT;11,62;2,35
103;SKU 873;13/04/2021;4;2021;Meia;MarcoGPT;30,25;16,13
104;SKU 873;14/04/2021;4;2021;Casaco;CalopStore;62,45;14
105;SKU 259;15/04/2021;4;2021;Boné;Reserva;190,21;97,89
106;SKU 789;16/04/2021;4;2021;Casaco;CalopStore;62,45;8,96
107;SKU 255;17/04/2021;4;2021;Camisa;Reserva;347,99;165,31
108;SKU 244;18/04/2021;4;2021;Sandália;CalopStore;28,75;6,5
109;SKU 195;19/04/2021;4;2021;Meia;MarcoGPT;62,33;16,58
110;SKU 851;20/04/2021;4;2021;Sapato;MarcoGPT;29,44;9,41
111;SKU 313;21/04/2021;4;2021;Camiseta;CalopStore;41,86;12,21
112;SKU 633;22/04/2021;4;2021;Sapato;MarcoGPT;28,75;6,38
113;SKU 881;23/04/2021;4;2021;Meia;CalopStore;11,27;2,58
114;SKU 699;24/04/2021;4;2021;Chinelo;MarcoGPT;8,05;2,02
115;SKU 772;25/04/2021;4;2021;Camisa;Reserva;242,88;111,1
116;SKU 918;26/04/2021;4;2021;Boné;Reserva;187,8;56,34
117;SKU 529;27/04/2021;4;2021;Boné;CalopStore;15,76;3,58
118;SKU 964;28/04/2021;4;2021;Sapato;Reserva;109,71;56,45
119;SKU 881;29/04/2021;4;2021;Sandália;CalopStore;42,09;11,2
120;SKU 474;30/04/2021;4;2021;Camisa;CalopStore;41,17;7,17
121;SKU 588;01/05/2021;5;2021;Casaco;CalopStore;50,83;10,3
122;SKU 384;02/05/2021;5;2021;Sandália;CalopStore;38,87;4,7
123;SKU 262;03/05/2021;5;2021;Meia;CalopStore;13,92;3,14
124;SKU 126;04/05/2021;5;2021;Camiseta;MarcoGPT;107,07;28,45
125;SKU 666;05/05/2021;5;2021;Bota;MarcoGPT;60,95;17,58
126;SKU 129;05/05/2021;5;2021;Sapato;Reserva;97,18;29,12
127;SKU 138;05/05/2021;5;2021;Camisa;CalopStore;226,44;155,34
128;SKU 797;05/05/2021;5;2021;Camiseta;CalopStore;44,97;9,18
129;SKU 761;05/05/2021;5;2021;Meia;MarcoGPT;41,4;17,14
130;SKU 959;05/05/2021;5;2021;Bota;CalopStore;17,25;5,15
131;SKU 649;05/05/2021;5;2021;Camisa;CalopStore;150,54;28,9
132;SKU 459;05/05/2021;5;2021;Meia;MarcoGPT;23,46;7,28
133;SKU 749;05/05/2021;5;2021;Casaco;CalopStore;39,45;11,09
134;SKU 788;05/05/2021;5;2021;Sandália;CalopStore;354,89;182,56
135;SKU 357;05/05/2021;5;2021;Meia;CalopStore;12,77;1,79
136;SKU 274;05/05/2021;5;2021;Meia;MarcoGPT;32,2;13,22
137;SKU 449;05/05/2021;5;2021;Chinelo;MarcoGPT;5,98;1,57
138;SKU 149;05/05/2021;5;2021;Camisa;Reserva;261,17;147,84
139;SKU 544;05/05/2021;5;2021;Casaco;CalopStore;49,34;11,09
140;SKU 619;05/05/2021;5;2021;Camisa;CalopStore;46,12;8,06
141;SKU 935;05/05/2021;5;2021;Chinelo;MarcoGPT;19,21;10,3
142;SKU 866;05/05/2021;5;2021;Casaco;CalopStore;37,84;10,08
143;SKU 797;05/05/2021;5;2021;Boné;MarcoGPT;73,49;14,78
144;SKU 812;05/05/2021;5;2021;Boné;CalopStore;32,32;8,06
145;SKU 732;05/05/2021;5;2021;Sandália;CalopStore;28,75;10,53
146;SKU 481;05/05/2021;5;2021;Casaco;CalopStore;69,92;12,1
147;SKU 633;05/05/2021;5;2021;Boné;CalopStore;25,88;7,28
148;SKU 137;05/05/2021;5;2021;Casaco;MarcoGPT;156,75;33,82
149;SKU 854;05/05/2021;5;2021;Camisa;Reserva;158,24;127,9
150;SKU 127;05/05/2021;5;2021;Camiseta;CalopStore;21,97;8,51
151;SKU 954;05/05/2021;5;2021;Camiseta;Reserva;223,33;95,76
152;SKU 529;05/05/2021;5;2021;Camisa;Reserva;300,15;167,33
153;SKU 737;05/05/2021;5;2021;Meia;Reserva;72,91;21,84
154;SKU 379;05/05/2021;5;2021;Boné;Reserva;147,78;83,66
155;SKU 417;04/06/2021;6;2021;Camisa;CalopStore;85,79;34,05
156;SKU 179;05/06/2021;6;2021;Camisa;CalopStore;291,53;115,36
157;SKU 163;06/06/2021;6;2021;Camisa;MarcoGPT;130,53;21,95
158;SKU 351;07/06/2021;6;2021;Camisa;Reserva;193,55;170,69
159;SKU 585;08/06/2021;6;2021;Casaco;MarcoGPT;92,58;34,27
160;SKU 947;09/06/2021;6;2021;Camiseta;Reserva;132,37;68,1
161;SKU 994;10/06/2021;6;2021;Boné;MarcoGPT;94,07;29,79
162;SKU 831;11/06/2021;6;2021;Camisa;CalopStore;36,57;12,32
163;SKU 438;12/06/2021;6;2021;Meia;MarcoGPT;48,99;14,11
164;SKU 391;13/06/2021;6;2021;Bota;MarcoGPT;79,35;19,04
165;SKU 669;14/06/2021;6;2021;Bota;MarcoGPT;47,04;14,67
166;SKU 927;15/06/2021;6;2021;Casaco;MarcoGPT;114,31;51,74
167;SKU 482;16/06/2021;6;2021;Meia;Reserva;69,69;53,76
168;SKU 418;17/06/2021;6;2021;Casaco;Reserva;183,31;141,57
169;SKU 972;18/06/2021;6;2021;Camiseta;Reserva;184,35;115,92
170;SKU 733;19/06/2021;6;2021;Camisa;CalopStore;64,63;13,33
171;SKU 512;20/06/2021;6;2021;Chinelo;MarcoGPT;5,75;1,9
172;SKU 593;21/06/2021;6;2021;Casaco;Reserva;175,49;90,27
173;SKU 586;22/06/2021;6;2021;Camisa;Reserva;240,47;185,58
174;SKU 334;23/06/2021;6;2021;Meia;MarcoGPT;33,35;13,22
175;SKU 559;24/06/2021;6;2021;Casaco;CalopStore;68,2;8,96
176;SKU 664;25/06/2021;6;2021;Meia;Reserva;74,75;24,42
177;SKU 241;26/06/2021;6;2021;Meia;CalopStore;19,32;2,69
178;SKU 921;07/06/2021;6;2021;Casaco;CalopStore;27,49;7,73
179;SKU 223;08/06/2021;6;2021;Bota;MarcoGPT;48,99;14,11
180;SKU 844;09/06/2021;6;2021;Camisa;MarcoGPT;139,38;23,41
181;SKU 858;10/06/2021;6;2021;Chinelo;MarcoGPT;77,86;26,66
182;SKU 499;11/06/2021;6;2021;Camiseta;CalopStore;19,78;3,47
183;SKU 682;12/06/2021;6;2021;Bota;CalopStore;143,41;49,17
184;SKU 418;13/06/2021;6;2021;Camisa;MarcoGPT;56,93;12,77
185;SKU 694;14/06/2021;6;2021;Camiseta;Reserva;290,61;137,98
186;SKU 151;15/06/2021;6;2021;Sandália;CalopStore;32,32;7,28
187;SKU 123;16/06/2021;6;2021;Casaco;CalopStore;48,65;10,08
188;SKU 494;17/06/2021;6;2021;Sandália;CalopStore;155,6;148,62
189;SKU 675;18/06/2021;6;2021;Meia;MarcoGPT;36,69;8,29
190;SKU 784;19/06/2021;6;2021;Bota;MarcoGPT;50,95;8,51
191;SKU 635;10/07/2021;7;2021;Meia;CalopStore;20,47;4,14
192;SKU 629;11/07/2021;7;2021;Meia;CalopStore;12,88;3,92
193;SKU 688;12/07/2021;7;2021;Casaco;CalopStore;50,95;8,29
194;SKU 581;13/07/2021;7;2021;Camisa;CalopStore;55,43;19,94
195;SKU 111;14/07/2021;7;2021;Camisa;MarcoGPT;131,91;35,06
196;SKU 451;15/07/2021;7;2021;Bota;MarcoGPT;61,64;16,24
197;SKU 536;16/07/2021;7;2021;Boné;Reserva;138,23;111,78
198;SKU 543;16/07/2021;7;2021;Sapato;MarcoGPT;61,76;17,7
199;SKU 731;16/07/2021;7;2021;Boné;Reserva;130,07;105,06
200;SKU 628;16/07/2021;7;2021;Camisa;CalopStore;51,87;13,89
201;SKU 355;16/07/2021;7;2021;Chinelo;MarcoGPT;7,13;1,68
202;SKU 418;16/07/2021;7;2021;Sapato;MarcoGPT;59;10,86
203;SKU 963;16/07/2021;7;2021;Camisa;CalopStore;49,34;12,66
204;SKU 287;16/07/2021;7;2021;Bota;CalopStore;18,86;3,25
205;SKU 257;16/07/2021;7;2021;Casaco;CalopStore;62,22;10,75
206;SKU 549;16/07/2021;7;2021;Camisa;CalopStore;76,36;18,59
207;SKU 671;16/07/2021;7;2021;Sapato;Reserva;100,86;47,15
208;SKU 385;16/07/2021;7;2021;Camisa;MarcoGPT;104,08;27,44
209;SKU 951;16/07/2021;7;2021;Boné;CalopStore;31,17;4,7
210;SKU 567;16/07/2021;7;2021;Sandália;CalopStore;253,58;91,39
211;SKU 281;16/07/2021;7;2021;Casaco;Reserva;227,93;85,34
212;SKU 925;16/07/2021;7;2021;Meia;CalopStore;12,54;3,7
213;SKU 222;16/07/2021;7;2021;Sandália;CalopStore;17,6;3,92
214;SKU 736;16/07/2021;7;2021;Camiseta;Reserva;241,62;103,6
215;SKU 761;16/07/2021;7;2021;Sapato;Reserva;120,98;68,54
216;SKU 439;16/07/2021;7;2021;Camiseta;CalopStore;20,7;5,15
217;SKU 775;16/07/2021;7;2021;Camiseta;MarcoGPT;54,86;20,5
218;SKU 131;06/08/2021;8;2021;Camisa;CalopStore;108,45;21,84
219;SKU 759;07/08/2021;8;2021;Camiseta;CalopStore;50,37;6,94
220;SKU 592;08/08/2021;8;2021;Casaco;Reserva;234,03;100,35
221;SKU 669;09/08/2021;8;2021;Camiseta;MarcoGPT;59,46;15,9
222;SKU 747;10/08/2021;8;2021;Sapato;MarcoGPT;58,77;13,22
223;SKU 579;11/08/2021;8;2021;Sapato;MarcoGPT;14,38;4,03
224;SKU 648;11/08/2021;8;2021;Bota;CalopStore;17,37;5,94
225;SKU 767;11/08/2021;8;2021;Camisa;CalopStore;43,01;13,33
226;SKU 566;11/08/2021;8;2021;Camisa;CalopStore;157,55;81,09
227;SKU 756;11/08/2021;8;2021;Camisa;CalopStore;32,09;7,17
228;SKU 945;11/08/2021;8;2021;Camisa;Reserva;265,54;161,5
229;SKU 529;11/08/2021;8;2021;Bota;MarcoGPT;31,4;11,31
230;SKU 493;11/08/2021;8;2021;Casaco;CalopStore;44,39;12,21
231;SKU 663;11/08/2021;8;2021;Sandália;CalopStore;24,84;5,6
232;SKU 167;11/08/2021;8;2021;Meia;CalopStore;20,93;4,7
233;SKU 179;11/08/2021;8;2021;Chinelo;MarcoGPT;56,58;35,62
234;SKU 179;11/08/2021;8;2021;Bota;CalopStore;14,15;3,7
235;SKU 352;11/08/2021;8;2021;Casaco;CalopStore;43,01;5,6
236;SKU 523;11/08/2021;8;2021;Camiseta;MarcoGPT;61,64;17,7
237;SKU 296;11/08/2021;8;2021;Camisa;CalopStore;38,41;9,41
238;SKU 517;11/08/2021;8;2021;Camiseta;MarcoGPT;54,4;17,92
239;SKU 584;11/08/2021;8;2021;Camiseta;Reserva;226,32;62,72
240;SKU 417;11/08/2021;8;2021;Sapato;MarcoGPT;14,26;5,49
241;SKU 921;11/08/2021;8;2021;Sandália;CalopStore;50,26;6,61
242;SKU 233;11/08/2021;8;2021;Camiseta;MarcoGPT;111,55;32,14
243;SKU 231;11/08/2021;8;2021;Sapato;MarcoGPT;74,75;11,65
244;SKU 128;11/08/2021;8;2021;Sandália;CalopStore;24,84;9,07
245;SKU 295;11/08/2021;8;2021;Meia;Reserva;86,02;47,94
246;SKU 354;11/08/2021;8;2021;Chinelo;MarcoGPT;76,02;32,59
247;SKU 581;11/08/2021;8;2021;Casaco;MarcoGPT;174;26,99
248;SKU 945;11/08/2021;8;2021;Bota;CalopStore;95,45;49,06
249;SKU 131;11/08/2021;8;2021;Camiseta;Reserva;117,42;60,37
250;SKU 817;07/09/2021;9;2021;Bota;MarcoGPT;47,04;18,03
251;SKU 494;08/09/2021;9;2021;Meia;MarcoGPT;37,26;9,63
252;SKU 422;09/09/2021;9;2021;Casaco;MarcoGPT;188,95;54,43
253;SKU 597;10/09/2021;9;2021;Meia;CalopStore;21,51;3,25
254;SKU 872;11/09/2021;9;2021;Boné;CalopStore;39,68;8,85
255;SKU 331;12/09/2021;9;2021;Camiseta;CalopStore;47,73;6,61
256;SKU 146;13/09/2021;9;2021;Boné;CalopStore;25,07;3,92
257;SKU 981;14/09/2021;9;2021;Boné;Reserva;134,55;55,33
258;SKU 594;15/09/2021;9;2021;Boné;Reserva;196,65;101,25
259;SKU 784;15/09/2021;9;2021;Sapato;MarcoGPT;19,44;2,35
260;SKU 175;15/09/2021;9;2021;Boné;CalopStore;21,39;5,49
261;SKU 578;15/09/2021;9;2021;Boné;CalopStore;32,55;3,92
262;SKU 767;15/09/2021;9;2021;Camisa;Reserva;322,35;127,57
263;SKU 137;15/09/2021;9;2021;Chinelo;MarcoGPT;36,23;18,59
264;SKU 415;15/09/2021;9;2021;Camisa;CalopStore;21,51;4,82
265;SKU 984;15/09/2021;9;2021;Boné;MarcoGPT;40,48;18,37
266;SKU 556;15/09/2021;9;2021;Camisa;MarcoGPT;156,86;36,96
267;SKU 854;15/09/2021;9;2021;Camisa;CalopStore;117,53;30,13
268;SKU 763;15/09/2021;9;2021;Casaco;Reserva;206,77;119,62
269;SKU 312;15/09/2021;9;2021;Meia;CalopStore;12,42;2,8
270;SKU 162;15/09/2021;9;2021;Sapato;Reserva;86,71;50,96
271;SKU 745;15/09/2021;9;2021;Bota;MarcoGPT;40,48;16,91
272;SKU 523;15/09/2021;9;2021;Chinelo;MarcoGPT;5,52;1,46
273;SKU 176;15/09/2021;9;2021;Chinelo;MarcoGPT;23,23;6,16
274;SKU 497;15/09/2021;9;2021;Sandália;CalopStore;304,29;156,58
275;SKU 273;15/09/2021;9;2021;Meia;Reserva;85,56;48,38
276;SKU 513;15/09/2021;9;2021;Casaco;CalopStore;51,18;8,96
277;SKU 167;15/09/2021;9;2021;Sandália;CalopStore;46;12,21
278;SKU 727;15/09/2021;9;2021;Boné;Reserva;143,41;73,81
279;SKU 775;15/09/2021;9;2021;Camisa;CalopStore;165,83;93,86
280;SKU 482;15/09/2021;9;2021;Camiseta;CalopStore;26,34;6,38
281;SKU 725;15/09/2021;9;2021;Sapato;MarcoGPT;13,92;3,58
282;SKU 362;15/09/2021;9;2021;Sandália;CalopStore;40,94;13,22
283;SKU 343;15/09/2021;9;2021;Boné;MarcoGPT;67,05;11,31
284;SKU 477;11/10/2021;10;2021;Boné;Reserva;117,76;103,94
285;SKU 966;12/10/2021;10;2021;Casaco;CalopStore;24,04;6,16
286;SKU 897;13/10/2021;10;2021;Camiseta;CalopStore;24,15;5,94
287;SKU 479;14/10/2021;10;2021;Camisa;CalopStore;146,05;35,62
288;SKU 938;15/10/2021;10;2021;Camiseta;MarcoGPT;87,52;33,6
289;SKU 272;16/10/2021;10;2021;Bota;CalopStore;16,79;4,82
290;SKU 998;17/10/2021;10;2021;Sapato;MarcoGPT;14,03;3,47
291;SKU 645;18/10/2021;10;2021;Chinelo;MarcoGPT;11,62;3,36
292;SKU 622;19/10/2021;10;2021;Bota;CalopStore;13,57;3,47
293;SKU 145;20/10/2021;10;2021;Meia;Reserva;89,59;51,18
294;SKU 849;21/10/2021;10;2021;Sandália;CalopStore;207,12;106,51
295;SKU 497;22/10/2021;10;2021;Camiseta;Reserva;186,42;59,02
296;SKU 992;23/10/2021;10;2021;Sapato;MarcoGPT;17,71;4,93
297;SKU 375;24/10/2021;10;2021;Chinelo;MarcoGPT;15,07;3,14
298;SKU 454;25/10/2021;10;2021;Camisa;MarcoGPT;122,25;32,48
299;SKU 418;25/10/2021;10;2021;Camisa;MarcoGPT;118,11;28,34
300;SKU 253;25/10/2021;10;2021;Sapato;Reserva;66,24;34,16
301;SKU 382;25/10/2021;10;2021;Camiseta;CalopStore;27,6;5,6
302;SKU 226;25/10/2021;10;2021;Camisa;Reserva;205,85;136,19
303;SKU 374;25/10/2021;10;2021;Sandália;CalopStore;44,28;7,95
304;SKU 752;25/10/2021;10;2021;Sandália;CalopStore;38,3;11,87
305;SKU 144;25/10/2021;10;2021;Sapato;MarcoGPT;33,93;6,83
306;SKU 628;25/10/2021;10;2021;Bota;CalopStore;16,45;2,35
307;SKU 768;25/10/2021;10;2021;Camiseta;CalopStore;27,37;6,83
308;SKU 477;25/10/2021;10;2021;Sandália;CalopStore;23,92;3,81
309;SKU 879;25/10/2021;10;2021;Boné;MarcoGPT;38,41;17,92
310;SKU 276;25/10/2021;10;2021;Boné;Reserva;95,22;77,06
311;SKU 943;25/10/2021;10;2021;Boné;Reserva;147,78;68,43
312;SKU 147;25/10/2021;10;2021;Casaco;Reserva;247,94;184,35
313;SKU 737;25/10/2021;10;2021;Camisa;Reserva;165,95;85,34
314;SKU 326;10/11/2021;11;2021;Chinelo;MarcoGPT;38,99;22,29
315;SKU 742;11/11/2021;11;2021;Sapato;MarcoGPT;19,32;3,36
316;SKU 721;12/11/2021;11;2021;Camisa;MarcoGPT;146,97;46,59
317;SKU 121;13/11/2021;11;2021;Bota;MarcoGPT;44,97;8,29
318;SKU 695;13/11/2021;11;2021;Chinelo;MarcoGPT;15,07;2,8
319;SKU 827;13/11/2021;11;2021;Bota;MarcoGPT;62,91;16,35
320;SKU 969;13/11/2021;11;2021;Bota;MarcoGPT;46,81;17,36
321;SKU 313;13/11/2021;11;2021;Camiseta;CalopStore;48,99;6,83
322;SKU 889;13/11/2021;11;2021;Camisa;Reserva;236,9;111,78
323;SKU 437;13/11/2021;11;2021;Boné;Reserva;136,16;130,14
324;SKU 444;13/11/2021;11;2021;Camisa;CalopStore;46,12;8,06
325;SKU 231;13/11/2021;11;2021;Chinelo;MarcoGPT;19,21;8,06
326;SKU 547;13/11/2021;11;2021;Bota;MarcoGPT;164,91;92,62
327;SKU 424;13/11/2021;11;2021;Boné;MarcoGPT;28,87;9,52
328;SKU 531;13/11/2021;11;2021;Sandália;CalopStore;55,89;10,64
329;SKU 642;13/11/2021;11;2021;Meia;CalopStore;20,93;2,91
330;SKU 291;13/11/2021;11;2021;Camisa;Reserva;212,87;87,58
331;SKU 683;13/11/2021;11;2021;Camiseta;Reserva;232,07;131,38
332;SKU 888;13/11/2021;11;2021;Sapato;MarcoGPT;38,64;15,23
333;SKU 961;29/11/2021;11;2021;Boné;MarcoGPT;82,8;20,16
334;SKU 568;30/11/2021;11;2021;Bota;CalopStore;36;8,18
335;SKU 269;30/11/2021;11;2021;Chinelo;MarcoGPT;10,47;4,59
336;SKU 478;30/11/2021;11;2021;Camiseta;MarcoGPT;58,65;16,91
337;SKU 637;30/11/2021;11;2021;Boné;Reserva;191,48;71,68
338;SKU 279;30/11/2021;11;2021;Sapato;MarcoGPT;13,34;5,15
339;SKU 521;30/11/2021;11;2021;Camisa;CalopStore;37,72;10,86
340;SKU 656;30/11/2021;11;2021;Boné;CalopStore;26,91;3,58
341;SKU 199;30/11/2021;11;2021;Casaco;MarcoGPT;108,45;46,93
342;SKU 948;30/11/2021;11;2021;Bota;CalopStore;182,28;72,13
343;SKU 499;30/11/2021;11;2021;Boné;CalopStore;31,63;7,17
344;SKU 164;10/12/2021;12;2021;Camisa;MarcoGPT;88,55;31,14
345;SKU 686;11/12/2021;12;2021;Casaco;Reserva;427,92;152,43
346;SKU 544;12/12/2021;12;2021;Camiseta;CalopStore;17,6;3,47
347;SKU 963;13/12/2021;12;2021;Chinelo;MarcoGPT;69,23;32,37
348;SKU 453;14/12/2021;12;2021;Casaco;CalopStore;25,07;8,85
349;SKU 293;15/12/2021;12;2021;Boné;MarcoGPT;94,07;32,48
350;SKU 287;16/12/2021;12;2021;Meia;Reserva;78,09;21,62
351;SKU 343;17/12/2021;12;2021;Sandália;CalopStore;49,8;6,05
352;SKU 523;18/12/2021;12;2021;Boné;Reserva;214,02;80,08
353;SKU 993;19/12/2021;12;2021;Meia;CalopStore;18,17;4,03
354;SKU 119;20/12/2021;12;2021;Sandália;CalopStore;17,6;3,92
355;SKU 255;21/12/2021;12;2021;Bota;CalopStore;105,34;54,21
356;SKU 596;22/12/2021;12;2021;Sapato;Reserva;95,22;67,42
357;SKU 459;23/12/2021;12;2021;Sandália;CalopStore;56,01;10,53
358;SKU 989;24/12/2021;12;2021;Sapato;MarcoGPT;22,43;4,59
359;SKU 872;25/12/2021;12;2021;Sapato;MarcoGPT;21,05;6,83
360;SKU 255;26/12/2021;12;2021;Sapato;MarcoGPT;21,05;6,27
361;SKU 118;27/12/2021;12;2021;Casaco;CalopStore;46,69;11,76
362;SKU 459;26/12/2021;12;2021;Camisa;Reserva;235,29;121,07
363;SKU 256;27/12/2021;12;2021;Sapato;Reserva;63,25;36,62
364;SKU 663;26/12/2021;12;2021;Chinelo;MarcoGPT;38,76;12,1
365;SKU 733;27/12/2021;12;2021;Chinelo;MarcoGPT;14,03;2,24
366;SKU 478;26/12/2021;12;2021;Meia;MarcoGPT;20,93;6,94
367;SKU 361;27/12/2021;12;2021;Camisa;Reserva;308,89;115,58
368;SKU 549;26/12/2021;12;2021;Sandália;CalopStore;60,72;13,66
369;SKU 466;27/12/2021;12;2021;Chinelo;MarcoGPT;17,71;7,62
370;SKU 681;26/12/2021;12;2021;Sapato;MarcoGPT;9,55;1,9
371;SKU 256;27/12/2021;12;2021;Camiseta;MarcoGPT;147,09;26,1
372;SKU 757;26/12/2021;12;2021;Casaco;Reserva;307,17;158,03
373;SKU 367;27/12/2021;12;2021;Camisa;CalopStore;94,88;27,33
374;SKU 185;09/01/2022;1;2022;Boné;CalopStore;44,28;7,62
375;SKU 167;10/01/2022;1;2022;Boné;CalopStore;23,69;3,81
376;SKU 486;11/01/2022;1;2022;Meia;CalopStore;11,27;2,58
377;SKU 567;12/01/2022;1;2022;Casaco;Reserva;297,39;122,42
378;SKU 824;13/01/2022;1;2022;Boné;Reserva;152,72;52,42
379;SKU 811;14/01/2022;1;2022;Camisa;Reserva;215,97;64,85
380;SKU 162;15/01/2022;1;2022;Meia;CalopStore;17,25;2,24
381;SKU 986;16/01/2022;1;2022;Camiseta;CalopStore;24,04;6,5
382;SKU 798;17/01/2022;1;2022;Camisa;CalopStore;34,96;9,41
383;SKU 446;18/01/2022;1;2022;Bota;CalopStore;38,87;4,7
384;SKU 975;19/01/2022;1;2022;Bota;CalopStore;12,54;2,8
385;SKU 138;20/01/2022;1;2022;Boné;MarcoGPT;43,93;14,45
386;SKU 536;21/01/2022;1;2022;Camisa;CalopStore;267,26;151,31
387;SKU 529;22/01/2022;1;2022;Casaco;MarcoGPT;79,7;25,76
388;SKU 134;23/01/2022;1;2022;Camisa;CalopStore;304,29;169,68
389;SKU 437;24/01/2022;1;2022;Camisa;CalopStore;90,62;26,1
390;SKU 819;25/01/2022;1;2022;Sapato;Reserva;121,9;50,18
391;SKU 412;26/01/2022;1;2022;Bota;MarcoGPT;98,67;19,71
392;SKU 839;27/01/2022;1;2022;Sapato;MarcoGPT;15,87;3,25
393;SKU 882;28/01/2022;1;2022;Bota;CalopStore;19,78;4,48
394;SKU 316;29/01/2022;1;2022;Camisa;CalopStore;28,29;7,62
395;SKU 164;30/01/2022;1;2022;Meia;Reserva;123,63;53,87
396;SKU 267;31/01/2022;1;2022;Sandália;CalopStore;32,55;5,04
397;SKU 562;31/01/2022;1;2022;Camiseta;Reserva;189,41;97,44
398;SKU 865;31/01/2022;1;2022;Sandália;CalopStore;205,39;73,14
399;SKU 377;31/01/2022;1;2022;Camisa;CalopStore;85,79;32,93
400;SKU 491;31/01/2022;1;2022;Camiseta;CalopStore;20,7;4,59
401;SKU 916;31/01/2022;1;2022;Sandália;CalopStore;184,35;94,86
402;SKU 996;31/01/2022;1;2022;Camiseta;Reserva;143,41;105,39
403;SKU 374;31/01/2022;1;2022;Sapato;MarcoGPT;38,87;14,9
404;SKU 591;31/01/2022;1;2022;Sandália;CalopStore;46;7,73
405;SKU 898;31/01/2022;1;2022;Camiseta;MarcoGPT;64,06;18,48
406;SKU 141;31/01/2022;1;2022;Camisa;MarcoGPT;77,86;20,16
407;SKU 249;31/01/2022;1;2022;Bota;CalopStore;38,87;7,39
408;SKU 347;31/01/2022;1;2022;Boné;CalopStore;41,98;7,28
409;SKU 717;31/01/2022;1;2022;Chinelo;MarcoGPT;46,46;23,97
410;SKU 619;31/01/2022;1;2022;Boné;CalopStore;21,74;5,38
411;SKU 429;31/01/2022;1;2022;Boné;MarcoGPT;36,11;12,99
412;SKU 676;31/01/2022;1;2022;Bota;MarcoGPT;106,38;54,77
413;SKU 936;31/01/2022;1;2022;Meia;Reserva;107,53;38,3
414;SKU 259;31/01/2022;1;2022;Meia;MarcoGPT;62,33;13,78
415;SKU 738;31/01/2022;1;2022;Camisa;CalopStore;33,93;7,62
416;SKU 639;20/02/2022;2;2022;Casaco;Reserva;199,64;148,4
417;SKU 245;21/02/2022;2;2022;Sandália;CalopStore;30,13;9,74
418;SKU 954;22/02/2022;2;2022;Casaco;MarcoGPT;115;49,73
419;SKU 798;23/02/2022;2;2022;Camisa;CalopStore;48,42;8,51
420;SKU 414;24/02/2022;2;2022;Camiseta;CalopStore;33,47;7,5
421;SKU 144;25/02/2022;2;2022;Boné;CalopStore;35,42;8,62
422;SKU 225;26/02/2022;2;2022;Camisa;CalopStore;27,95;9,41
423;SKU 122;27/02/2022;2;2022;Camisa;Reserva;237,02;158,59
424;SKU 711;28/02/2022;2;2022;Camisa;Reserva;179,98;83,33
425;SKU 339;01/03/2022;3;2022;Camisa;Reserva;242,88;152,77
426;SKU 888;02/03/2022;3;2022;Bota;MarcoGPT;63,71;10,75
427;SKU 264;03/03/2022;3;2022;Meia;CalopStore;10,93;2,69
428;SKU 757;04/03/2022;3;2022;Bota;MarcoGPT;41,75;22,29
429;SKU 165;05/03/2022;3;2022;Sandália;CalopStore;46,69;8,4
430;SKU 543;06/03/2022;3;2022;Casaco;Reserva;202,86;117,49
431;SKU 655;07/03/2022;3;2022;Camisa;MarcoGPT;164,11;51,3
432;SKU 566;08/03/2022;3;2022;Sapato;Reserva;110,17;73,7
433;SKU 455;09/03/2022;3;2022;Chinelo;MarcoGPT;5,75;1,12
434;SKU 474;10/03/2022;3;2022;Meia;MarcoGPT;41,98;9,41
435;SKU 282;11/03/2022;3;2022;Boné;MarcoGPT;31,4;11,31
436;SKU 681;12/03/2022;3;2022;Boné;Reserva;262,43;83,1
437;SKU 639;13/03/2022;3;2022;Bota;CalopStore;191,71;90,38
438;SKU 893;14/03/2022;3;2022;Bota;CalopStore;16,91;3,36
439;SKU 577;15/03/2022;3;2022;Camiseta;Reserva;142,14;135,86
440;SKU 537;16/03/2022;3;2022;Camisa;Reserva;170,55;150,42
441;SKU 952;17/03/2022;3;2022;Camisa;CalopStore;43,59;8,74
442;SKU 633;18/03/2022;3;2022;Meia;MarcoGPT;22,31;6,38
443;SKU 692;19/03/2022;3;2022;Camiseta;Reserva;211,6;130,59
444;SKU 475;20/03/2022;3;2022;Casaco;Reserva;406,64;209,22
445;SKU 773;20/03/2022;3;2022;Sandália;CalopStore;32,89;5,38
446;SKU 551;20/03/2022;3;2022;Camiseta;MarcoGPT;61,64;30,35
447;SKU 761;20/03/2022;3;2022;Chinelo;MarcoGPT;26,8;8,51
448;SKU 443;20/03/2022;3;2022;Camisa;CalopStore;196,65;146,16
449;SKU 379;20/03/2022;3;2022;Camisa;CalopStore;41,98;9,41
450;SKU 241;20/03/2022;3;2022;Camisa;CalopStore;74,29;21,39
451;SKU 658;20/03/2022;3;2022;Camisa;MarcoGPT;94,65;35,06
452;SKU 415;20/03/2022;3;2022;Sapato;MarcoGPT;37,03;10,64
453;SKU 718;20/03/2022;3;2022;Camisa;CalopStore;230,12;142,02
454;SKU 435;20/03/2022;3;2022;Camisa;CalopStore;73,14;21,06
455;SKU 654;20/03/2022;3;2022;Meia;CalopStore;15,3;4,14
456;SKU 731;20/03/2022;3;2022;Bota;MarcoGPT;69,58;20,05
457;SKU 546;20/03/2022;3;2022;Chinelo;MarcoGPT;73,14;21,95
458;SKU 271;20/03/2022;3;2022;Camisa;CalopStore;98,79;41,1
459;SKU 941;20/03/2022;3;2022;Bota;CalopStore;16,22;4,26
460;SKU 497;05/04/2022;4;2022;Casaco;Reserva;298,43;119,39
461;SKU 323;06/04/2022;4;2022;Bota;MarcoGPT;39,68;15,23
462;SKU 467;07/04/2022;4;2022;Sandália;CalopStore;273,01;182,56
463;SKU 236;08/04/2022;4;2022;Sapato;Reserva;90,51;69,89
464;SKU 471;08/04/2022;4;2022;Casaco;CalopStore;71,88;16,13
465;SKU 231;10/04/2022;4;2022;Casaco;CalopStore;41,17;8,4
466;SKU 342;11/04/2022;4;2022;Chinelo;MarcoGPT;52,67;37,18
467;SKU 669;12/04/2022;4;2022;Meia;Reserva;86,25;64,06
468;SKU 328;13/04/2022;4;2022;Casaco;CalopStore;62,22;9,63
469;SKU 682;14/04/2022;4;2022;Chinelo;MarcoGPT;11,96;4,93
470;SKU 246;15/04/2022;4;2022;Sandália;CalopStore;126,39;97,55
471;SKU 589;16/04/2022;4;2022;Bota;MarcoGPT;113,39;52,53
472;SKU 369;17/04/2022;4;2022;Chinelo;MarcoGPT;65,32;40,32
473;SKU 717;18/04/2022;4;2022;Boné;MarcoGPT;74,41;15,57
474;SKU 776;19/04/2022;4;2022;Bota;CalopStore;10,47;4,03
475;SKU 659;20/04/2022;4;2022;Meia;CalopStore;11,73;3,25
476;SKU 135;21/04/2022;4;2022;Sapato;Reserva;127,77;72,35
477;SKU 345;22/04/2022;4;2022;Casaco;MarcoGPT;50,37;20,72
478;SKU 766;23/04/2022;4;2022;Boné;Reserva;223,68;125,55
479;SKU 497;24/04/2022;4;2022;Camiseta;MarcoGPT;56,81;28,11
480;SKU 227;25/04/2022;4;2022;Sapato;MarcoGPT;43,13;14,9
481;SKU 912;23/04/2022;4;2022;Boné;Reserva;116,73;94,42
482;SKU 649;27/04/2022;4;2022;Camisa;MarcoGPT;158,59;31,7
483;SKU 213;28/04/2022;4;2022;Camiseta;CalopStore;30,36;8,18
484;SKU 761;29/04/2022;4;2022;Camisa;CalopStore;84,64;14,22
485;SKU 418;30/04/2022;4;2022;Camisa;CalopStore;111,67;39,31
486;SKU 389;01/05/2022;5;2022;Casaco;MarcoGPT;148,93;42,9
487;SKU 534;02/05/2022;5;2022;Boné;Reserva;260,59;72,24
488;SKU 526;03/05/2022;5;2022;Chinelo;MarcoGPT;60,15;25,31
489;SKU 945;04/05/2022;5;2022;Bota;CalopStore;128,46;55,89
490;SKU 759;05/05/2022;5;2022;Boné;Reserva;129,03;73,81
491;SKU 557;06/05/2022;5;2022;Chinelo;MarcoGPT;7,82;2,24
492;SKU 328;07/05/2022;5;2022;Boné;CalopStore;19,32;6,27
493;SKU 296;08/05/2022;5;2022;Chinelo;MarcoGPT;8,51;2,02
494;SKU 698;09/05/2022;5;2022;Sapato;Reserva;101,89;34,94
495;SKU 729;10/05/2022;5;2022;Chinelo;MarcoGPT;37,49;19,26
496;SKU 467;09/05/2022;5;2022;Casaco;CalopStore;49,8;13,66
497;SKU 275;12/05/2022;5;2022;Sandália;CalopStore;46,69;6,5
498;SKU 619;13/05/2022;5;2022;Meia;MarcoGPT;30,25;7,17
499;SKU 639;14/05/2022;5;2022;Camiseta;Reserva;247,83;138,21
500;SKU 845;15/05/2022;5;2022;Casaco;MarcoGPT;170,43;49,06
501;SKU 286;16/05/2022;5;2022;Bota;CalopStore;116,38;79,86
502;SKU 965;17/05/2022;5;2022;Camisa;CalopStore;33,93;9,74
503;SKU 636;18/05/2022;5;2022;Bota;CalopStore;24,27;4,59
504;SKU 183;19/05/2022;5;2022;Camiseta;Reserva;198,95;65,18
505;SKU 655;20/05/2022;5;2022;Meia;Reserva;60,72;31,25
506;SKU 573;21/05/2022;5;2022;Chinelo;MarcoGPT;35,31;10,19
507;SKU 826;22/05/2022;5;2022;Sandália;CalopStore;40,14;7,5
508;SKU 565;23/05/2022;5;2022;Sandália;CalopStore;21,05;4,14
509;SKU 986;24/05/2022;5;2022;Casaco;MarcoGPT;73,6;19,26
510;SKU 771;25/05/2022;5;2022;Casaco;CalopStore;49,34;13,33
511;SKU 746;26/05/2022;5;2022;Meia;CalopStore;12,08;3,36
512;SKU 345;27/05/2022;5;2022;Bota;CalopStore;111,32;46,93
513;SKU 146;28/05/2022;5;2022;Sapato;MarcoGPT;55,32;12,99
514;SKU 345;29/05/2022;5;2022;Chinelo;MarcoGPT;35,31;7,06
515;SKU 229;30/05/2022;5;2022;Casaco;CalopStore;34,5;8,85
516;SKU 145;31/05/2022;5;2022;Camiseta;Reserva;197,92;112
517;SKU 526;01/06/2022;6;2022;Meia;CalopStore;19,9;3,47
518;SKU 431;02/06/2022;6;2022;Chinelo;MarcoGPT;11,62;2,58
519;SKU 335;03/06/2022;6;2022;Chinelo;MarcoGPT;9,89;2,91
520;SKU 697;04/06/2022;6;2022;Camiseta;CalopStore;47,73;7,5
521;SKU 558;05/06/2022;6;2022;Camisa;MarcoGPT;83,72;24,08
522;SKU 395;06/06/2022;6;2022;Meia;CalopStore;8,51;2,91
523;SKU 556;07/06/2022;6;2022;Casaco;Reserva;316,94;146,72
524;SKU 588;08/06/2022;6;2022;Casaco;CalopStore;31,4;7,06
525;SKU 999;09/06/2022;6;2022;Sapato;MarcoGPT;31,63;8,29
526;SKU 228;10/06/2022;6;2022;Casaco;Reserva;243,8;141,12
527;SKU 996;11/06/2022;6;2022;Casaco;Reserva;307,4;145,94
528;SKU 698;12/06/2022;6;2022;Bota;CalopStore;18,75;4,7
529;SKU 979;13/06/2022;6;2022;Boné;CalopStore;27,83;6,94
530;SKU 614;12/06/2022;6;2022;Meia;MarcoGPT;15,76;4,59
531;SKU 439;15/06/2022;6;2022;Sandália;CalopStore;46;12,21
532;SKU 935;16/06/2022;6;2022;Casaco;Reserva;241,39;101,58
533;SKU 194;17/06/2022;6;2022;Casaco;Reserva;393,07;108,86
534;SKU 429;18/06/2022;6;2022;Camisa;CalopStore;235,29;161,39
535;SKU 935;19/06/2022;6;2022;Sandália;CalopStore;112,01;90,61
536;SKU 773;20/06/2022;6;2022;Bota;MarcoGPT;63,37;25,09
537;SKU 465;21/06/2022;6;2022;Meia;CalopStore;13,57;4,14
538;SKU 235;22/06/2022;6;2022;Sapato;Reserva;120,18;67,42
539;SKU 881;23/06/2022;6;2022;Bota;MarcoGPT;38,18;12,21
540;SKU 265;24/06/2022;6;2022;Sapato;MarcoGPT;17,02;2,02
541;SKU 246;25/06/2022;6;2022;Meia;CalopStore;15,76;3,92
542;SKU 778;26/06/2022;6;2022;Casaco;MarcoGPT;120,87;31,36
543;SKU 422;27/06/2022;6;2022;Camisa;Reserva;368,58;110,66
544;SKU 342;28/06/2022;6;2022;Sapato;MarcoGPT;14,49;4,7
545;SKU 586;29/06/2022;6;2022;Bota;CalopStore;162,15;58,46
546;SKU 139;30/06/2022;6;2022;Camiseta;MarcoGPT;60,84;22,51
547;SKU 931;01/07/2022;7;2022;Casaco;MarcoGPT;154,79;29,79
548;SKU 853;02/07/2022;7;2022;Camisa;CalopStore;63,25;19,94
549;SKU 263;03/07/2022;7;2022;Camisa;CalopStore;45,77;13,44
550;SKU 272;04/07/2022;7;2022;Bota;MarcoGPT;61,64;16,24
551;SKU 538;05/07/2022;7;2022;Sandália;CalopStore;62,22;12,88
552;SKU 598;06/07/2022;7;2022;Casaco;CalopStore;51,98;12,66
553;SKU 618;07/07/2022;7;2022;Meia;MarcoGPT;49,11;11,65
554;SKU 174;08/07/2022;7;2022;Sandália;CalopStore;33,01;4,93
555;SKU 761;09/07/2022;7;2022;Casaco;CalopStore;56,35;6,83
556;SKU 968;10/07/2022;7;2022;Bota;MarcoGPT;41,17;17,14
557;SKU 335;11/07/2022;7;2022;Bota;MarcoGPT;54,4;20,16
558;SKU 268;12/07/2022;7;2022;Camiseta;CalopStore;33,35;8,85
559;SKU 288;13/07/2022;7;2022;Camiseta;CalopStore;30,02;8,06
560;SKU 432;14/07/2022;7;2022;Camiseta;CalopStore;31,51;5,38
561;SKU 823;15/07/2022;7;2022;Camisa;CalopStore;89,47;21,5
562;SKU 661;16/07/2022;7;2022;Casaco;CalopStore;46;11,31
563;SKU 379;17/07/2022;7;2022;Sapato;Reserva;131,91;49,39
564;SKU 338;18/07/2022;7;2022;Sapato;MarcoGPT;20,59;11,09
565;SKU 877;19/07/2022;7;2022;Camiseta;MarcoGPT;70,38;20,27
566;SKU 936;20/07/2022;7;2022;Casaco;CalopStore;40,83;6,38
567;SKU 355;21/07/2022;7;2022;Chinelo;MarcoGPT;79,81;34,72
568;SKU 548;22/07/2022;7;2022;Bota;CalopStore;119,26;61,38
569;SKU 973;23/07/2022;7;2022;Boné;Reserva;138,35;84,11
570;SKU 797;21/07/2022;7;2022;Camisa;CalopStore;46;21,5
571;SKU 181;25/07/2022;7;2022;Bota;MarcoGPT;41,17;15,9
572;SKU 335;26/07/2022;7;2022;Boné;Reserva;109,25;75,04
573;SKU 963;27/07/2022;7;2022;Casaco;CalopStore;48,42;10,86
574;SKU 685;28/07/2022;7;2022;Boné;CalopStore;35,54;6,61
575;SKU 164;29/07/2022;7;2022;Chinelo;MarcoGPT;11,96;2,46
576;SKU 737;30/07/2022;7;2022;Camisa;CalopStore;83,61;21,06
577;SKU 236;31/07/2022;7;2022;Meia;MarcoGPT;21,62;5,6
578;SKU 524;01/08/2022;8;2022;Chinelo;MarcoGPT;29,44;7,5
579;SKU 932;02/08/2022;8;2022;Camisa;CalopStore;79,93;22,96
580;SKU 959;03/08/2022;8;2022;Bota;CalopStore;13,8;3,14
581;SKU 334;04/08/2022;8;2022;Meia;CalopStore;9,66;2,69
582;SKU 272;05/08/2022;8;2022;Camisa;Reserva;300,61;170,13
583;SKU 195;06/08/2022;8;2022;Casaco;Reserva;272,55;86,24
584;SKU 351;07/08/2022;8;2022;Camiseta;Reserva;174,8;134,96
585;SKU 219;08/08/2022;8;2022;Casaco;MarcoGPT;94,76;27,33
586;SKU 958;09/08/2022;8;2022;Casaco;CalopStore;57,39;7,5
587;SKU 987;10/08/2022;8;2022;Boné;MarcoGPT;50,72;20,83
588;SKU 469;11/08/2022;8;2022;Casaco;MarcoGPT;132,25;54,99
589;SKU 226;12/08/2022;8;2022;Camiseta;CalopStore;35,42;7,39
590;SKU 164;13/08/2022;8;2022;Bota;CalopStore;120,87;70
591;SKU 683;14/08/2022;8;2022;Chinelo;MarcoGPT;11,5;1,9
592;SKU 651;15/08/2022;8;2022;Boné;CalopStore;14,38;4,14
593;SKU 135;16/08/2022;8;2022;Meia;MarcoGPT;35,77;7,17
594;SKU 778;17/08/2022;8;2022;Boné;CalopStore;18,86;4,82
595;SKU 472;18/08/2022;8;2022;Casaco;CalopStore;48,42;10,86
596;SKU 636;19/08/2022;8;2022;Casaco;MarcoGPT;132,94;24,42
597;SKU 367;20/08/2022;8;2022;Casaco;Reserva;221,61;151,98
598;SKU 559;21/08/2022;8;2022;Meia;CalopStore;13,92;3,14
599;SKU 322;22/08/2022;8;2022;Sandália;CalopStore;151;69,1
600;SKU 122;23/08/2022;8;2022;Camisa;CalopStore;169,86;26,32
601;SKU 125;24/08/2022;8;2022;Casaco;MarcoGPT;142,49;45,58
602;SKU 425;23/08/2022;8;2022;Sapato;MarcoGPT;29,33;10,86
603;SKU 144;26/08/2022;8;2022;Chinelo;MarcoGPT;10,24;3,36
604;SKU 511;27/08/2022;8;2022;Chinelo;MarcoGPT;28,87;5,15
605;SKU 144;28/08/2022;8;2022;Camiseta;Reserva;126,62;74,48
606;SKU 282;29/08/2022;8;2022;Boné;Reserva;162,61;83,66
607;SKU 666;30/08/2022;8;2022;Camisa;Reserva;199,41;136,86
608;SKU 811;31/08/2022;8;2022;Meia;Reserva;65,09;47,82
609;SKU 233;01/09/2022;9;2022;Boné;Reserva;137,2;100,8
610;SKU 629;02/09/2022;9;2022;Casaco;CalopStore;50,95;9,41
611;SKU 937;03/09/2022;9;2022;Camisa;CalopStore;64,75;16,35
612;SKU 988;04/09/2022;9;2022;Camiseta;MarcoGPT;65,9;16,58
613;SKU 796;05/09/2022;9;2022;Meia;MarcoGPT;42,32;13,22
614;SKU 123;06/09/2022;9;2022;Chinelo;MarcoGPT;19,67;5,6
615;SKU 431;07/09/2022;9;2022;Meia;CalopStore;17,48;3,58
616;SKU 492;08/09/2022;9;2022;Camiseta;MarcoGPT;119,37;31,58
617;SKU 829;09/09/2022;9;2022;Camisa;MarcoGPT;52,44;19,49
618;SKU 275;10/09/2022;9;2022;Bota;CalopStore;91,66;64,85
619;SKU 861;11/09/2022;9;2022;Boné;MarcoGPT;39,79;18,03
620;SKU 135;12/09/2022;9;2022;Camiseta;CalopStore;20,93;5,15
621;SKU 555;13/09/2022;9;2022;Casaco;MarcoGPT;152,72;39,98
622;SKU 863;13/09/2022;9;2022;Sapato;MarcoGPT;35,77;5,6
623;SKU 544;13/09/2022;9;2022;Sapato;Reserva;91,31;46,93
624;SKU 337;13/09/2022;9;2022;Meia;MarcoGPT;25,76;8,06
625;SKU 172;13/09/2022;9;2022;Meia;MarcoGPT;24,84;5,82
626;SKU 829;13/09/2022;9;2022;Sapato;Reserva;74,18;62,05
627;SKU 341;13/09/2022;9;2022;Meia;Reserva;89,24;50,51
628;SKU 333;13/09/2022;9;2022;Meia;Reserva;71,65;30,13
629;SKU 689;13/09/2022;9;2022;Camisa;Reserva;347,99;137,76
630;SKU 644;13/09/2022;9;2022;Sapato;MarcoGPT;27,37;5,15
631;SKU 736;13/09/2022;9;2022;Camisa;MarcoGPT;81,19;20,5
632;SKU 178;13/09/2022;9;2022;Camiseta;MarcoGPT;77,74;19,6
633;SKU 738;13/09/2022;9;2022;Casaco;Reserva;179,86;113,12
634;SKU 269;26/09/2022;9;2022;Bota;CalopStore;24,27;5,49
635;SKU 836;27/09/2022;9;2022;Camiseta;Reserva;246,22;107,18
636;SKU 683;28/09/2022;9;2022;Sapato;Reserva;89,47;78,85
637;SKU 837;29/09/2022;9;2022;Casaco;MarcoGPT;54,86;18,14
638;SKU 242;29/09/2022;9;2022;Bota;MarcoGPT;73,49;16,91
639;SKU 325;01/10/2022;10;2022;Chinelo;MarcoGPT;44,28;27,89
640;SKU 721;02/10/2022;10;2022;Casaco;Reserva;286,93;93,97
641;SKU 456;03/10/2022;10;2022;Meia;CalopStore;14,38;4,03
642;SKU 756;04/10/2022;10;2022;Sapato;MarcoGPT;14,95;3,7
643;SKU 459;05/10/2022;10;2022;Sapato;MarcoGPT;11,27;3,25
644;SKU 254;06/10/2022;10;2022;Camiseta;MarcoGPT;76,13;24,42
645;SKU 491;07/10/2022;10;2022;Camisa;CalopStore;232,07;155,23
646;SKU 857;08/10/2022;10;2022;Camiseta;Reserva;129,72;91,84
647;SKU 667;09/10/2022;10;2022;Camisa;MarcoGPT;146,97;54,99
648;SKU 977;10/10/2022;10;2022;Sapato;Reserva;93,61;33,71
649;SKU 793;11/10/2022;10;2022;Boné;Reserva;124,32;57,57
650;SKU 515;12/10/2022;10;2022;Camisa;Reserva;218,62;112,45
651;SKU 296;13/10/2022;10;2022;Bota;CalopStore;172,62;74,03
652;SKU 711;14/10/2022;10;2022;Bota;CalopStore;27,26;4,26
653;SKU 927;15/10/2022;10;2022;Boné;MarcoGPT;75,21;16,24
654;SKU 268;16/10/2022;10;2022;Sandália;CalopStore;204,82;84,34
655;SKU 459;17/10/2022;10;2022;Camiseta;CalopStore;44,85;5,38
656;SKU 158;17/10/2022;10;2022;Camisa;CalopStore;87,63;22,96
657;SKU 479;17/10/2022;10;2022;Meia;CalopStore;14,26;3,81
658;SKU 384;17/10/2022;10;2022;Bota;CalopStore;148,93;76,61
659;SKU 152;17/10/2022;10;2022;Casaco;Reserva;243,57;125,33
660;SKU 381;17/10/2022;10;2022;Boné;Reserva;141,91;73,02
661;SKU 545;17/10/2022;10;2022;Sapato;MarcoGPT;20,93;6,05
662;SKU 255;17/10/2022;10;2022;Sapato;MarcoGPT;19,44;3,02
663;SKU 547;17/10/2022;10;2022;Sandália;CalopStore;47,27;8,62
664;SKU 459;17/10/2022;10;2022;Casaco;CalopStore;52,67;12,88
665;SKU 792;17/10/2022;10;2022;Casaco;MarcoGPT;84,41;22,06
666;SKU 291;17/10/2022;10;2022;Boné;MarcoGPT;45,2;22,29
667;SKU 961;17/10/2022;10;2022;Sapato;MarcoGPT;69;21,5
668;SKU 512;30/10/2022;10;2022;Camisa;Reserva;333,73;145,26
669;SKU 258;31/10/2022;10;2022;Camiseta;Reserva;223,56;149,52
670;SKU 871;01/11/2022;11;2022;Camisa;CalopStore;134,09;32,7
671;SKU 763;02/11/2022;11;2022;Camiseta;MarcoGPT;44,85;11,31
672;SKU 358;03/11/2022;11;2022;Camiseta;CalopStore;32,66;11,98
673;SKU 568;04/11/2022;11;2022;Meia;MarcoGPT;28,64;12,32
674;SKU 332;05/11/2022;11;2022;Camisa;MarcoGPT;158,7;45,7
675;SKU 899;05/11/2022;11;2022;Meia;CalopStore;8,97;2,46
676;SKU 344;05/11/2022;11;2022;Camiseta;MarcoGPT;92,58;18,7
677;SKU 982;05/11/2022;11;2022;Sandália;CalopStore;27,83;5,49
678;SKU 141;05/11/2022;11;2022;Chinelo;MarcoGPT;8,86;2,69
679;SKU 777;05/11/2022;11;2022;Camisa;MarcoGPT;76,13;25,09
680;SKU 332;05/11/2022;11;2022;Meia;CalopStore;12,42;3,02
681;SKU 315;05/11/2022;11;2022;Chinelo;MarcoGPT;43,7;32,14
682;SKU 886;05/11/2022;11;2022;Camisa;Reserva;308,89;158,93
683;SKU 525;05/11/2022;11;2022;Sapato;MarcoGPT;20,13;9,07
684;SKU 582;05/11/2022;11;2022;Camisa;MarcoGPT;84,18;24,3
685;SKU 218;05/11/2022;11;2022;Sapato;Reserva;84,64;74,7
686;SKU 826;05/11/2022;11;2022;Camiseta;Reserva;202,75;139,1
687;SKU 289;05/11/2022;11;2022;Chinelo;MarcoGPT;32,66;12,21
688;SKU 224;19/11/2022;11;2022;Meia;MarcoGPT;30,59;7,39
689;SKU 348;20/11/2022;11;2022;Camiseta;MarcoGPT;98,1;26,1
690;SKU 947;21/11/2022;11;2022;Casaco;CalopStore;52,44;17,02
691;SKU 371;22/11/2022;11;2022;Casaco;CalopStore;77,74;9,41
692;SKU 121;23/11/2022;11;2022;Bota;MarcoGPT;71,53;17,14
693;SKU 484;24/11/2022;11;2022;Camiseta;Reserva;202,75;69,55
694;SKU 516;24/11/2022;11;2022;Bota;CalopStore;34,96;6,61
695;SKU 397;24/11/2022;11;2022;Camisa;MarcoGPT;123,51;35,62
696;SKU 768;24/11/2022;11;2022;Sapato;MarcoGPT;15,87;5,38
697;SKU 319;24/11/2022;11;2022;Chinelo;MarcoGPT;56,7;19,49
698;SKU 281;24/11/2022;11;2022;Boné;Reserva;219,42;122,3
699;SKU 367;24/11/2022;11;2022;Sapato;MarcoGPT;23;5,15
700;SKU 698;24/11/2022;11;2022;Bota;CalopStore;15,53;4,7
701;SKU 791;24/11/2022;11;2022;Bota;CalopStore;25,53;5,82
702;SKU 664;24/11/2022;11;2022;Boné;MarcoGPT;90,51;19,6
703;SKU 655;24/11/2022;11;2022;Camisa;MarcoGPT;96,6;34,05
704;SKU 143;24/11/2022;11;2022;Casaco;Reserva;209,65;86,24
705;SKU 433;24/11/2022;11;2022;Camiseta;MarcoGPT;57,62;30,91
706;SKU 794;24/11/2022;11;2022;Sapato;MarcoGPT;23,69;5,38
707;SKU 972;08/12/2022;12;2022;Camisa;CalopStore;54,97;12,32
708;SKU 967;09/12/2022;12;2022;Boné;Reserva;102,93;59,58
709;SKU 249;10/12/2022;12;2022;Boné;CalopStore;24,73;6,05
710;SKU 286;11/12/2022;12;2022;Camisa;CalopStore;53,25;7,62
711;SKU 116;12/12/2022;12;2022;Sandália;CalopStore;43,36;6,16
712;SKU 635;13/12/2022;12;2022;Sapato;MarcoGPT;19,78;4,82
713;SKU 516;14/12/2022;12;2022;Chinelo;MarcoGPT;13,34;6,27
714;SKU 713;15/12/2022;12;2022;Bota;CalopStore;30,25;6,27
715;SKU 914;16/12/2022;12;2022;Sapato;MarcoGPT;43,01;17,7
716;SKU 329;17/12/2022;12;2022;Boné;Reserva;176,41;110,88
717;SKU 982;18/12/2022;12;2022;Casaco;MarcoGPT;89,59;31,58
718;SKU 655;19/12/2022;12;2022;Camisa;CalopStore;117,88;40,21
719;SKU 382;20/12/2022;12;2022;Chinelo;MarcoGPT;50,95;26,21
720;SKU 169;20/12/2022;12;2022;Bota;CalopStore;107,3;68,99
721;SKU 375;20/12/2022;12;2022;Camiseta;CalopStore;30,36;7,5
722;SKU 233;20/12/2022;12;2022;Camiseta;Reserva;239,66;66,42
723;SKU 994;24/12/2022;12;2022;Bota;CalopStore;122,82;77,28
724;SKU 711;25/12/2022;12;2022;Chinelo;MarcoGPT;10,81;2,46
725;SKU 137;26/12/2022;12;2022;Camiseta;Reserva;179,17;110,66
726;SKU 349;27/12/2022;12;2022;Sapato;MarcoGPT;11,73;4,14
727;SKU 613;28/12/2022;12;2022;Casaco;CalopStore;41,86;9,41
728;SKU 182;29/12/2022;12;2022;Casaco;Reserva;236,1;88,37
729;SKU 334;30/12/2022;12;2022;Sandália;CalopStore;19,09;5,38
730;SKU 395;31/12/2022;12;2022;Camisa;CalopStore;53,82;13,33
